{"stats":{"minecraft:mined":{"minecraft:red_shulker_box":1,"minecraft:shulker_box":4,"minecraft:grass_block":6,"minecraft:redstone_wire":16,"minecraft:cobblestone":1,"minecraft:slime_block":3,"minecraft:sandstone":3,"minecraft:sticky_piston":3,"minecraft:light_gray_shulker_box":6,"minecraft:birch_leaves":1,"minecraft:detector_rail":2,"minecraft:gravel":4,"minecraft:sand":17,"minecraft:dirt":3,"minecraft:white_shulker_box":2,"minecraft:stone":115,"minecraft:piston":4,"minecraft:oak_leaves":2},"minecraft:killed":{"minecraft:spider":1,"minecraft:enderman":38},"minecraft:crafted":{"minecraft:redstone":9,"minecraft:tnt":3},"minecraft:dropped":{"minecraft:gravel":4,"minecraft:bread":11,"minecraft:diamond":74,"minecraft:netherite_sword":1,"minecraft:wind_charge":18,"minecraft:flint":1,"minecraft:poppy":1,"minecraft:sand":1,"minecraft:firework_rocket":95},"minecraft:picked_up":{"minecraft:light_gray_shulker_box":6,"minecraft:flint":1,"minecraft:string":1,"minecraft:dirt":17,"minecraft:oak_trapdoor":1,"minecraft:sticky_piston":1,"minecraft:detector_rail":2,"minecraft:netherite_sword":1,"minecraft:minecart":2,"minecraft:piston":4,"minecraft:sandstone":2,"minecraft:torch":1,"minecraft:gravel":7,"minecraft:sand":14,"minecraft:redstone":16,"minecraft:spider_eye":1,"minecraft:shulker_box":4,"minecraft:firework_rocket":15,"minecraft:red_shulker_box":1,"minecraft:diamond":1,"minecraft:slime_block":2,"minecraft:white_shulker_box":2,"minecraft:cobblestone":73,"minecraft:ender_pearl":3},"minecraft:custom":{"minecraft:interact_with_anvil":1,"minecraft:mob_kills":39,"minecraft:interact_with_crafting_table":3,"minecraft:open_shulker_box":49,"minecraft:leave_game":1,"minecraft:time_since_death":93085,"minecraft:sleep_in_bed":2,"minecraft:climb_one_cm":16,"minecraft:time_since_rest":71914,"minecraft:sprint_one_cm":128390,"minecraft:open_enderchest":17,"minecraft:damage_taken":849,"minecraft:walk_one_cm":196098,"minecraft:drop":127,"minecraft:damage_dealt":203,"minecraft:swim_one_cm":14338,"minecraft:fly_one_cm":221601,"minecraft:open_chest":97,"minecraft:crouch_one_cm":43501,"minecraft:play_time":93175,"minecraft:sneak_time":7852,"minecraft:walk_under_water_one_cm":7368,"minecraft:aviate_one_cm":3469325,"minecraft:jump":1269,"minecraft:walk_on_water_one_cm":4851,"minecraft:total_world_time":93175,"minecraft:fall_one_cm":59486},"minecraft:used":{"minecraft:netherite_sword":8,"minecraft:redstone":24,"minecraft:ender_pearl":3,"minecraft:sandstone":31,"minecraft:white_shulker_box":1,"minecraft:light_gray_shulker_box":2,"minecraft:dirt":8,"minecraft:sand":9,"minecraft:netherite_leggings":1,"minecraft:tnt":3,"minecraft:shulker_box":5,"minecraft:netherite_helmet":1,"minecraft:sticky_piston":3,"minecraft:piston":4,"minecraft:netherite_shovel":24,"minecraft:firework_rocket":110,"minecraft:wind_charge":21,"minecraft:bread":26,"minecraft:slime_block":3,"minecraft:detector_rail":2,"minecraft:gravel":3,"minecraft:cobblestone":8,"minecraft:netherite_pickaxe":144,"minecraft:minecart":2,"minecraft:dead_bubble_coral_fan":3}},"DataVersion":3953}