{"stats":{"minecraft:crafted":{"minecraft:redstone":9,"minecraft:tnt":3},"minecraft:dropped":{"minecraft:gravel":4,"minecraft:bread":11,"minecraft:cobblestone_wall":4,"minecraft:diamond":74,"minecraft:netherite_sword":1,"minecraft:cobblestone":184,"minecraft:coal":6,"minecraft:wind_charge":18,"minecraft:flint":1,"minecraft:poppy":1,"minecraft:sand":5,"minecraft:string":1,"minecraft:firework_rocket":95},"minecraft:custom":{"minecraft:mob_kills":40,"minecraft:interact_with_anvil":1,"minecraft:interact_with_crafting_table":3,"minecraft:open_shulker_box":50,"minecraft:leave_game":2,"minecraft:time_since_death":101810,"minecraft:sleep_in_bed":3,"minecraft:climb_one_cm":16,"minecraft:time_since_rest":1024,"minecraft:sprint_one_cm":135481,"minecraft:open_enderchest":19,"minecraft:damage_taken":956,"minecraft:walk_one_cm":209819,"minecraft:drop":135,"minecraft:damage_dealt":403,"minecraft:swim_one_cm":20226,"minecraft:fly_one_cm":231193,"minecraft:open_chest":98,"minecraft:crouch_one_cm":49246,"minecraft:play_time":101900,"minecraft:sneak_time":8484,"minecraft:walk_under_water_one_cm":12606,"minecraft:aviate_one_cm":3758070,"minecraft:jump":1400,"minecraft:walk_on_water_one_cm":6605,"minecraft:total_world_time":101900,"minecraft:fall_one_cm":67873},"minecraft:mined":{"minecraft:red_shulker_box":1,"minecraft:shulker_box":4,"minecraft:emerald_ore":1,"minecraft:grass_block":6,"minecraft:redstone_wire":24,"minecraft:cobblestone":2,"minecraft:slime_block":9,"minecraft:sandstone":3,"minecraft:cobblestone_wall":1,"minecraft:sticky_piston":4,"minecraft:light_gray_shulker_box":6,"minecraft:birch_leaves":1,"minecraft:tnt":1,"minecraft:detector_rail":3,"minecraft:coal_ore":2,"minecraft:gravel":4,"minecraft:sand":17,"minecraft:dirt":6,"minecraft:white_shulker_box":3,"minecraft:stone":265,"minecraft:dead_bubble_coral_wall_fan":1,"minecraft:piston":4,"minecraft:oak_leaves":2},"minecraft:killed":{"minecraft:spider":1,"minecraft:skeleton":1,"minecraft:enderman":38},"minecraft:used":{"minecraft:netherite_sword":12,"minecraft:redstone":25,"minecraft:ender_pearl":3,"minecraft:sandstone":31,"minecraft:white_shulker_box":2,"minecraft:light_gray_shulker_box":2,"minecraft:dirt":14,"minecraft:sand":9,"minecraft:netherite_leggings":1,"minecraft:tnt":3,"minecraft:shulker_box":5,"minecraft:netherite_helmet":1,"minecraft:sticky_piston":3,"minecraft:piston":4,"minecraft:netherite_shovel":24,"minecraft:firework_rocket":118,"minecraft:wind_charge":21,"minecraft:bread":28,"minecraft:slime_block":3,"minecraft:netherite_axe":8,"minecraft:detector_rail":2,"minecraft:gravel":3,"minecraft:cobblestone":41,"minecraft:minecart":2,"minecraft:netherite_pickaxe":310,"minecraft:dead_bubble_coral_fan":3,"minecraft:pointed_dripstone":2},"minecraft:picked_up":{"minecraft:light_gray_shulker_box":6,"minecraft:flint":1,"minecraft:cobblestone_wall":1,"minecraft:oak_trapdoor":1,"minecraft:string":1,"minecraft:dirt":18,"minecraft:raw_copper":13,"minecraft:sticky_piston":1,"minecraft:detector_rail":2,"minecraft:netherite_sword":1,"minecraft:minecart":2,"minecraft:piston":4,"minecraft:sandstone":2,"minecraft:torch":1,"minecraft:gravel":7,"minecraft:sand":14,"minecraft:pointed_dripstone":2,"minecraft:redstone":22,"minecraft:spider_eye":1,"minecraft:shulker_box":4,"minecraft:tnt":1,"minecraft:firework_rocket":15,"minecraft:arrow":2,"minecraft:red_shulker_box":1,"minecraft:diamond":1,"minecraft:slime_block":5,"minecraft:emerald":4,"minecraft:white_shulker_box":3,"minecraft:coal":6,"minecraft:cobblestone":225,"minecraft:ender_pearl":3}},"DataVersion":3953}