{"stats":{"minecraft:crafted":{"minecraft:ender_chest":16,"minecraft:redstone":9,"minecraft:tnt":3,"minecraft:iron_ingot":9,"minecraft:cobblestone_wall":6,"minecraft:ender_eye":16,"minecraft:stone_bricks":300,"minecraft:minecart":1},"minecraft:dropped":{"minecraft:gravel":4,"minecraft:bread":11,"minecraft:oak_trapdoor":1,"minecraft:cobblestone_wall":4,"minecraft:diamond":74,"minecraft:dripstone_block":2,"minecraft:netherite_sword":1,"minecraft:cobblestone":271,"minecraft:glowstone_dust":4,"minecraft:coal":6,"minecraft:wind_charge":18,"minecraft:flint":1,"minecraft:poppy":1,"minecraft:dirt":18,"minecraft:stone":17,"minecraft:torch":1,"minecraft:spider_eye":1,"minecraft:sand":5,"minecraft:arrow":4,"minecraft:sugar":1,"minecraft:string":1,"minecraft:firework_rocket":95},"minecraft:custom":{"minecraft:interact_with_anvil":1,"minecraft:mob_kills":42,"minecraft:interact_with_crafting_table":8,"minecraft:open_shulker_box":65,"minecraft:leave_game":4,"minecraft:time_since_death":126336,"minecraft:sleep_in_bed":4,"minecraft:climb_one_cm":16,"minecraft:time_since_rest":13362,"minecraft:damage_taken":1477,"minecraft:open_enderchest":27,"minecraft:sprint_one_cm":141932,"minecraft:walk_one_cm":234398,"minecraft:drop":148,"minecraft:damage_dealt":853,"minecraft:swim_one_cm":20226,"minecraft:fly_one_cm":240112,"minecraft:open_chest":128,"minecraft:play_time":126426,"minecraft:crouch_one_cm":93919,"minecraft:sneak_time":15031,"minecraft:walk_under_water_one_cm":14043,"minecraft:aviate_one_cm":4385045,"minecraft:jump":1479,"minecraft:walk_on_water_one_cm":9185,"minecraft:total_world_time":126426,"minecraft:fall_one_cm":88045},"minecraft:mined":{"minecraft:red_shulker_box":2,"minecraft:shulker_box":8,"minecraft:emerald_ore":1,"minecraft:grass_block":6,"minecraft:redstone_wire":46,"minecraft:cobblestone":20,"minecraft:slime_block":12,"minecraft:sandstone":20,"minecraft:repeater":1,"minecraft:cobblestone_wall":1,"minecraft:sticky_piston":4,"minecraft:light_gray_shulker_box":6,"minecraft:birch_leaves":1,"minecraft:tnt":2,"minecraft:detector_rail":3,"minecraft:pointed_dripstone":1,"minecraft:coal_ore":2,"minecraft:gravel":5,"minecraft:sand":17,"minecraft:dirt":16,"minecraft:white_shulker_box":3,"minecraft:stone_bricks":11,"minecraft:stone":288,"minecraft:dead_bubble_coral_wall_fan":1,"minecraft:piston":5,"minecraft:oak_leaves":2},"minecraft:killed":{"minecraft:witch":1,"minecraft:spider":1,"minecraft:skeleton":2,"minecraft:enderman":38},"minecraft:used":{"minecraft:netherite_sword":17,"minecraft:redstone":46,"minecraft:ender_pearl":3,"minecraft:sandstone":34,"minecraft:ender_chest":1,"minecraft:white_shulker_box":2,"minecraft:light_gray_shulker_box":3,"minecraft:sand":9,"minecraft:dirt":24,"minecraft:netherite_leggings":1,"minecraft:tnt":5,"minecraft:cobblestone_wall":1,"minecraft:netherite_helmet":1,"minecraft:shulker_box":7,"minecraft:sticky_piston":4,"minecraft:piston":5,"minecraft:red_shulker_box":1,"minecraft:firework_rocket":142,"minecraft:netherite_shovel":34,"minecraft:wind_charge":21,"minecraft:bread":37,"minecraft:slime_block":12,"minecraft:netherite_axe":8,"minecraft:detector_rail":3,"minecraft:hopper_minecart":1,"minecraft:gravel":4,"minecraft:stone_bricks":160,"minecraft:cobblestone":59,"minecraft:minecart":3,"minecraft:netherite_pickaxe":393,"minecraft:dead_bubble_coral_fan":5,"minecraft:pointed_dripstone":2},"minecraft:picked_up":{"minecraft:repeater":1,"minecraft:light_gray_shulker_box":6,"minecraft:potion":1,"minecraft:flint":1,"minecraft:gunpowder":3,"minecraft:cobblestone_wall":1,"minecraft:dirt":42,"minecraft:string":1,"minecraft:oak_trapdoor":1,"minecraft:raw_copper":13,"minecraft:sticky_piston":1,"minecraft:stone_bricks":8,"minecraft:detector_rail":2,"minecraft:netherite_sword":1,"minecraft:hopper_minecart":1,"minecraft:glowstone_dust":4,"minecraft:minecart":2,"minecraft:piston":5,"minecraft:sandstone":5,"minecraft:stone":286,"minecraft:torch":1,"minecraft:dripstone_block":2,"minecraft:gravel":8,"minecraft:sand":14,"minecraft:pointed_dripstone":2,"minecraft:redstone":53,"minecraft:spider_eye":1,"minecraft:shulker_box":8,"minecraft:tnt":2,"minecraft:firework_rocket":15,"minecraft:arrow":4,"minecraft:red_shulker_box":2,"minecraft:sugar":1,"minecraft:diamond":1,"minecraft:slime_block":9,"minecraft:emerald":4,"minecraft:white_shulker_box":3,"minecraft:coal":6,"minecraft:cobblestone":310,"minecraft:ender_pearl":3}},"DataVersion":3953}