{"stats":{"minecraft:crafted":{"minecraft:redstone":9,"minecraft:tnt":3,"minecraft:cobblestone_wall":6,"minecraft:stone_bricks":300},"minecraft:dropped":{"minecraft:gravel":4,"minecraft:bread":11,"minecraft:cobblestone_wall":4,"minecraft:diamond":74,"minecraft:netherite_sword":1,"minecraft:cobblestone":202,"minecraft:coal":6,"minecraft:wind_charge":18,"minecraft:flint":1,"minecraft:dirt":17,"minecraft:poppy":1,"minecraft:sand":5,"minecraft:string":1,"minecraft:firework_rocket":95},"minecraft:custom":{"minecraft:mob_kills":40,"minecraft:interact_with_anvil":1,"minecraft:interact_with_crafting_table":4,"minecraft:open_shulker_box":59,"minecraft:leave_game":2,"minecraft:time_since_death":114170,"minecraft:sleep_in_bed":4,"minecraft:climb_one_cm":16,"minecraft:time_since_rest":1196,"minecraft:sprint_one_cm":140194,"minecraft:open_enderchest":20,"minecraft:damage_taken":1245,"minecraft:walk_one_cm":223831,"minecraft:drop":137,"minecraft:damage_dealt":403,"minecraft:swim_one_cm":20226,"minecraft:fly_one_cm":237497,"minecraft:open_chest":121,"minecraft:crouch_one_cm":68767,"minecraft:play_time":114260,"minecraft:sneak_time":11583,"minecraft:walk_under_water_one_cm":12606,"minecraft:aviate_one_cm":4165034,"minecraft:jump":1448,"minecraft:walk_on_water_one_cm":6605,"minecraft:total_world_time":114260,"minecraft:fall_one_cm":76625},"minecraft:mined":{"minecraft:red_shulker_box":2,"minecraft:shulker_box":7,"minecraft:emerald_ore":1,"minecraft:grass_block":6,"minecraft:redstone_wire":36,"minecraft:cobblestone":11,"minecraft:slime_block":12,"minecraft:sandstone":20,"minecraft:repeater":1,"minecraft:cobblestone_wall":1,"minecraft:sticky_piston":4,"minecraft:light_gray_shulker_box":6,"minecraft:birch_leaves":1,"minecraft:tnt":1,"minecraft:detector_rail":3,"minecraft:coal_ore":2,"minecraft:gravel":5,"minecraft:sand":17,"minecraft:dirt":16,"minecraft:white_shulker_box":3,"minecraft:stone":283,"minecraft:dead_bubble_coral_wall_fan":1,"minecraft:piston":4,"minecraft:oak_leaves":2},"minecraft:killed":{"minecraft:spider":1,"minecraft:skeleton":1,"minecraft:enderman":38},"minecraft:used":{"minecraft:netherite_sword":12,"minecraft:redstone":34,"minecraft:ender_pearl":3,"minecraft:sandstone":34,"minecraft:white_shulker_box":2,"minecraft:light_gray_shulker_box":2,"minecraft:dirt":24,"minecraft:sand":9,"minecraft:netherite_leggings":1,"minecraft:tnt":4,"minecraft:cobblestone_wall":1,"minecraft:netherite_helmet":1,"minecraft:shulker_box":6,"minecraft:red_shulker_box":1,"minecraft:sticky_piston":4,"minecraft:piston":4,"minecraft:netherite_shovel":34,"minecraft:firework_rocket":133,"minecraft:wind_charge":21,"minecraft:bread":34,"minecraft:slime_block":9,"minecraft:netherite_axe":8,"minecraft:detector_rail":3,"minecraft:hopper_minecart":1,"minecraft:gravel":4,"minecraft:cobblestone":48,"minecraft:minecart":2,"minecraft:netherite_pickaxe":365,"minecraft:dead_bubble_coral_fan":4,"minecraft:pointed_dripstone":2},"minecraft:picked_up":{"minecraft:repeater":1,"minecraft:light_gray_shulker_box":6,"minecraft:flint":1,"minecraft:cobblestone_wall":1,"minecraft:oak_trapdoor":1,"minecraft:string":1,"minecraft:dirt":41,"minecraft:raw_copper":13,"minecraft:sticky_piston":1,"minecraft:detector_rail":2,"minecraft:netherite_sword":1,"minecraft:minecart":2,"minecraft:piston":4,"minecraft:stone":286,"minecraft:sandstone":5,"minecraft:torch":1,"minecraft:gravel":8,"minecraft:sand":14,"minecraft:pointed_dripstone":2,"minecraft:redstone":33,"minecraft:spider_eye":1,"minecraft:shulker_box":7,"minecraft:tnt":1,"minecraft:firework_rocket":15,"minecraft:arrow":2,"minecraft:red_shulker_box":2,"minecraft:diamond":1,"minecraft:slime_block":8,"minecraft:emerald":4,"minecraft:white_shulker_box":3,"minecraft:coal":6,"minecraft:ender_pearl":3,"minecraft:cobblestone":256}},"DataVersion":3953}