{"stats":{"minecraft:killed":{"minecraft:witch":1,"minecraft:spider":3,"minecraft:skeleton":4,"minecraft:enderman":38},"minecraft:dropped":{"minecraft:gravel":4,"minecraft:bread":20,"minecraft:oak_trapdoor":1,"minecraft:cobblestone_wall":9,"minecraft:diamond":74,"minecraft:dripstone_block":7,"minecraft:netherite_sword":1,"minecraft:pointed_dripstone":4,"minecraft:cobblestone":449,"minecraft:glowstone_dust":4,"minecraft:coal":10,"minecraft:wind_charge":18,"minecraft:flint":1,"minecraft:poppy":1,"minecraft:dirt":21,"minecraft:stone":22,"minecraft:torch":1,"minecraft:spider_eye":1,"minecraft:stone_bricks":17,"minecraft:sandstone":4,"minecraft:sand":3130,"minecraft:arrow":8,"minecraft:sugar":1,"minecraft:string":1,"minecraft:bone":2,"minecraft:firework_rocket":95},"minecraft:crafted":{"minecraft:ender_chest":16,"minecraft:redstone":54,"minecraft:oak_sign":6,"minecraft:crafting_table":1,"minecraft:sticky_piston":14,"minecraft:tnt":3,"minecraft:slime_ball":18,"minecraft:stick":4,"minecraft:comparator":8,"minecraft:iron_ingot":9,"minecraft:cobblestone_wall":6,"minecraft:redstone_torch":26,"minecraft:ender_eye":16,"minecraft:stone_bricks":300,"minecraft:minecart":1},"minecraft:used":{"minecraft:netherite_sword":29,"minecraft:redstone":101,"minecraft:oak_sign":4,"minecraft:ender_pearl":3,"minecraft:sandstone":34,"minecraft:ender_chest":4,"minecraft:white_shulker_box":3,"minecraft:light_gray_shulker_box":4,"minecraft:sand":9,"minecraft:dirt":24,"minecraft:comparator":9,"minecraft:netherite_leggings":1,"minecraft:tnt":5,"minecraft:crafting_table":1,"minecraft:cobblestone_wall":1,"minecraft:netherite_helmet":1,"minecraft:shulker_box":12,"minecraft:sticky_piston":4,"minecraft:piston":10,"minecraft:red_shulker_box":4,"minecraft:redstone_torch":3,"minecraft:glass":1125,"minecraft:diamond_pickaxe":19,"minecraft:firework_rocket":205,"minecraft:netherite_shovel":45,"minecraft:wind_charge":30,"minecraft:bread":65,"minecraft:slime_block":12,"minecraft:netherite_axe":9,"minecraft:detector_rail":3,"minecraft:hopper_minecart":1,"minecraft:gravel":4,"minecraft:stone_bricks":213,"minecraft:cobblestone":59,"minecraft:repeater":10,"minecraft:minecart":3,"minecraft:netherite_pickaxe":496,"minecraft:observer":8,"minecraft:dead_bubble_coral_fan":5,"minecraft:pointed_dripstone":2},"minecraft:custom":{"minecraft:interact_with_anvil":1,"minecraft:mob_kills":47,"minecraft:interact_with_crafting_table":14,"minecraft:open_shulker_box":98,"minecraft:leave_game":8,"minecraft:time_since_death":185981,"minecraft:sleep_in_bed":5,"minecraft:climb_one_cm":16,"minecraft:time_since_rest":34898,"minecraft:damage_taken":2832,"minecraft:open_enderchest":36,"minecraft:sprint_one_cm":188084,"minecraft:walk_one_cm":340670,"minecraft:drop":219,"minecraft:damage_dealt":1698,"minecraft:swim_one_cm":20226,"minecraft:fly_one_cm":260099,"minecraft:open_chest":146,"minecraft:play_time":186071,"minecraft:crouch_one_cm":162288,"minecraft:sneak_time":27069,"minecraft:walk_under_water_one_cm":15632,"minecraft:aviate_one_cm":6050048,"minecraft:jump":1830,"minecraft:walk_on_water_one_cm":15079,"minecraft:total_world_time":186071,"minecraft:fall_one_cm":148525},"minecraft:mined":{"minecraft:red_shulker_box":4,"minecraft:observer":3,"minecraft:shulker_box":14,"minecraft:crafting_table":1,"minecraft:emerald_ore":1,"minecraft:grass_block":6,"minecraft:redstone_wire":68,"minecraft:glass":19,"minecraft:cobblestone":26,"minecraft:slime_block":18,"minecraft:sandstone":35,"minecraft:repeater":9,"minecraft:cobblestone_wall":2,"minecraft:sticky_piston":5,"minecraft:light_gray_shulker_box":7,"minecraft:birch_leaves":1,"minecraft:detector_rail":3,"minecraft:tnt":3,"minecraft:coal_ore":2,"minecraft:pointed_dripstone":2,"minecraft:sand":17,"minecraft:gravel":5,"minecraft:dripstone_block":3,"minecraft:dirt":16,"minecraft:white_shulker_box":4,"minecraft:stone":331,"minecraft:stone_bricks":28,"minecraft:dead_bubble_coral_wall_fan":1,"minecraft:piston":10,"minecraft:redstone_wall_torch":1,"minecraft:oak_leaves":2,"minecraft:ender_chest":3},"minecraft:picked_up":{"minecraft:ender_chest":3,"minecraft:repeater":9,"minecraft:light_gray_shulker_box":7,"minecraft:potion":1,"minecraft:flint":1,"minecraft:gunpowder":3,"minecraft:cobblestone_wall":1,"minecraft:dirt":45,"minecraft:string":1,"minecraft:oak_trapdoor":1,"minecraft:raw_copper":13,"minecraft:sticky_piston":2,"minecraft:glass":1716,"minecraft:bone":5,"minecraft:stone_bricks":21,"minecraft:detector_rail":3,"minecraft:netherite_sword":1,"minecraft:redstone_torch":1,"minecraft:observer":2,"minecraft:hopper_minecart":1,"minecraft:glowstone_dust":4,"minecraft:minecart":3,"minecraft:piston":9,"minecraft:sandstone":9,"minecraft:stone":291,"minecraft:torch":1,"minecraft:dripstone_block":7,"minecraft:gravel":8,"minecraft:sand":3619,"minecraft:pointed_dripstone":6,"minecraft:redstone":74,"minecraft:spider_eye":1,"minecraft:shulker_box":14,"minecraft:tnt":3,"minecraft:firework_rocket":15,"minecraft:arrow":9,"minecraft:red_shulker_box":4,"minecraft:sugar":1,"minecraft:diamond":1,"minecraft:slime_block":13,"minecraft:emerald":4,"minecraft:white_shulker_box":4,"minecraft:coal":10,"minecraft:cobblestone":488,"minecraft:ender_pearl":3}},"DataVersion":3953}