{"stats":{"minecraft:dropped":{"minecraft:piston":48,"minecraft:ominous_bottle":1,"minecraft:glass_bottle":2,"minecraft:diamond":54,"minecraft:crafting_table":2,"minecraft:crossbow":2,"minecraft:weeping_vines":6,"minecraft:cracked_stone_bricks":61,"minecraft:music_disc_creator_music_box":1,"minecraft:rail":2,"minecraft:red_mushroom":62,"minecraft:dirt":1183,"minecraft:stone_button":1,"minecraft:bone_meal":198,"minecraft:sand":59249,"minecraft:white_wool":1,"minecraft:bone":43,"minecraft:sugar_cane":7,"minecraft:detector_rail":6,"minecraft:cobbled_deepslate":160,"minecraft:birch_sapling":51,"minecraft:rotten_flesh":118,"minecraft:oak_planks":16,"minecraft:glowstone_dust":1,"minecraft:warped_sign":1,"minecraft:nether_brick_fence":4,"minecraft:white_bed":6,"minecraft:waxed_copper_block":1,"minecraft:tipped_arrow":32,"minecraft:coal_ore":2,"minecraft:charcoal":4,"minecraft:glass":1244,"minecraft:stone_brick_stairs":8,"minecraft:enchanted_book":46,"minecraft:golden_boots":1,"minecraft:iron_ingot":10860,"minecraft:netherite_pickaxe":1,"minecraft:birch_leaves":176,"minecraft:wheat_seeds":52,"minecraft:tnt":6,"minecraft:dripstone_block":39,"minecraft:cobblestone":5732,"minecraft:iron_helmet":1,"minecraft:book":897,"minecraft:waxed_copper_grate":1,"minecraft:crimson_fence_gate":10,"minecraft:granite":3,"minecraft:coal":94,"minecraft:oxeye_daisy":2,"minecraft:lava_bucket":5,"minecraft:wooden_hoe":1,"minecraft:rose_bush":7,"minecraft:diamond_helmet":1,"minecraft:potion":1,"minecraft:iron_shovel":1,"minecraft:paper":16,"minecraft:string":38,"minecraft:smooth_sandstone":16,"minecraft:furnace":52,"minecraft:moss_carpet":20,"minecraft:stone_sword":1,"minecraft:dark_oak_sign":1,"minecraft:deepslate":1,"minecraft:smooth_stone_slab":1,"minecraft:bamboo_hanging_sign":2,"minecraft:sticky_piston":38,"minecraft:white_carpet":288,"minecraft:iron_boots":1,"minecraft:slime_block":81,"minecraft:name_tag":1,"minecraft:white_shulker_box":1,"minecraft:nether_bricks":13,"minecraft:stone":307,"minecraft:flower_pot":2,"minecraft:stone_bricks":88,"minecraft:spider_eye":21,"minecraft:light_gray_dye":6,"minecraft:sandstone":13126,"minecraft:birch_boat":1,"minecraft:bow":6,"minecraft:brown_mushroom":3,"minecraft:birch_planks":184,"minecraft:baked_potato":6,"minecraft:ender_pearl":835,"minecraft:decorated_pot":22,"minecraft:sandstone_slab":8,"minecraft:bedrock":1,"minecraft:heavy_core":1,"minecraft:flint":28,"minecraft:mace":1,"minecraft:packed_ice":751,"minecraft:ice":65,"minecraft:cornflower":48,"minecraft:crimson_roots":1,"minecraft:snowball":10,"minecraft:white_stained_glass_pane":232,"minecraft:birch_log":1028,"minecraft:gold_ingot":4,"minecraft:gravel":130,"minecraft:pointed_dripstone":5,"minecraft:carrot":193,"minecraft:poppy":422,"minecraft:oak_fence_gate":7,"minecraft:gunpowder":13,"minecraft:birch_trapdoor":2,"minecraft:oak_wood":1,"minecraft:dropper":6,"minecraft:azalea":1,"minecraft:chest":7,"minecraft:birch_button":124,"minecraft:iron_bars":23,"minecraft:arrow":99,"minecraft:powered_rail":17,"minecraft:netherrack":121,"minecraft:quartz":5,"minecraft:oak_leaves":5,"minecraft:splash_potion":3,"minecraft:firework_rocket":65,"minecraft:water_bucket":2,"minecraft:bread":90,"minecraft:lilac":5,"minecraft:bookshelf":94,"minecraft:diamond_leggings":1,"minecraft:golden_axe":1,"minecraft:lead":6,"minecraft:observer":18,"minecraft:polished_tuff":2,"minecraft:hopper_minecart":6,"minecraft:stick":274,"minecraft:iron_block":64,"minecraft:diorite":673,"minecraft:torch":38,"minecraft:repeater":8,"minecraft:nether_wart_block":7,"minecraft:light_gray_shulker_box":6,"minecraft:waxed_oxidized_copper":1,"minecraft:fire_charge":6,"minecraft:iron_leggings":1,"minecraft:flowering_azalea":4,"minecraft:iron_axe":1,"minecraft:redstone_block":8,"minecraft:dandelion":1,"minecraft:redstone":197,"minecraft:tuff_bricks":3,"minecraft:ender_chest":1,"minecraft:tuff":9,"minecraft:raw_iron":1,"minecraft:comparator":10,"minecraft:ender_eye":1,"minecraft:shulker_box":4,"minecraft:copper_ore":2,"minecraft:filled_map":1,"minecraft:shield":2,"minecraft:oak_button":7,"minecraft:dragon_egg":1,"minecraft:iron_chestplate":2,"minecraft:andesite":32,"minecraft:mossy_stone_bricks":70,"minecraft:oak_boat":1,"minecraft:oak_sapling":34,"minecraft:end_portal_frame":1,"minecraft:golden_sword":1,"minecraft:birch_sign":7,"minecraft:diamond_boots":1,"minecraft:spruce_log":5,"minecraft:white_stained_glass":961,"minecraft:brick":63},"minecraft:custom":{"minecraft:interact_with_crafting_table":348,"minecraft:open_barrel":17,"minecraft:leave_game":50,"minecraft:time_since_death":1656663,"minecraft:damage_blocked_by_shield":1993,"minecraft:play_time":1832889,"minecraft:deaths":3,"minecraft:jump":14292,"minecraft:interact_with_furnace":48,"minecraft:traded_with_villager":41,"minecraft:sleep_in_bed":71,"minecraft:damage_dealt":100670,"minecraft:inspect_dispenser":59,"minecraft:interact_with_smithing_table":14,"minecraft:inspect_dropper":3,"minecraft:interact_with_anvil":19,"minecraft:inspect_hopper":77,"minecraft:sneak_time":195523,"minecraft:total_world_time":2116414,"minecraft:tune_noteblock":2,"minecraft:time_since_rest":13889,"minecraft:swim_one_cm":65599,"minecraft:fly_one_cm":5107014,"minecraft:open_chest":1052,"minecraft:fall_one_cm":449584,"minecraft:open_shulker_box":785,"minecraft:sprint_one_cm":2147039,"minecraft:drop":2259,"minecraft:talked_to_villager":24,"minecraft:interact_with_brewingstand":2,"minecraft:walk_on_water_one_cm":749346,"minecraft:open_enderchest":144,"minecraft:interact_with_beacon":5,"minecraft:player_kills":1,"minecraft:crouch_one_cm":1369754,"minecraft:mob_kills":2213,"minecraft:fill_cauldron":3,"minecraft:climb_one_cm":11748,"minecraft:walk_one_cm":4939012,"minecraft:walk_under_water_one_cm":265711,"minecraft:boat_one_cm":151736,"minecraft:damage_taken":20021,"minecraft:aviate_one_cm":25618360},"minecraft:crafted":{"minecraft:blaze_powder":38,"minecraft:birch_boat":3,"minecraft:birch_slab":2880,"minecraft:slime_block":27,"minecraft:lever":5,"minecraft:diamond_shovel":1,"minecraft:bookshelf":94,"minecraft:shulker_box":13,"minecraft:iron_bars":256,"minecraft:glass":14,"minecraft:mace":1,"minecraft:quartz_block":22,"minecraft:diamond_helmet":2,"minecraft:repeater":74,"minecraft:diamond_leggings":2,"minecraft:netherite_boots":1,"minecraft:beacon":1,"minecraft:birch_fence_gate":68,"minecraft:stone_pressure_plate":37,"minecraft:birch_door":3,"minecraft:white_shulker_box":1,"minecraft:emerald":9,"minecraft:smithing_table":1,"minecraft:sticky_piston":36,"minecraft:oak_wood":3,"minecraft:wooden_hoe":2,"minecraft:iron_block":1200,"minecraft:gold_ingot":44,"minecraft:sandstone":22869,"minecraft:light_gray_dye":13,"minecraft:netherite_ingot":8,"minecraft:composter":2,"minecraft:crimson_fence_gate":666,"minecraft:wind_charge":104,"minecraft:bone_meal":426,"minecraft:white_carpet":3,"minecraft:netherite_axe":1,"minecraft:light_gray_shulker_box":7,"minecraft:red_shulker_box":1,"minecraft:redstone_block":7,"minecraft:lead":6,"minecraft:wheat":99,"minecraft:netherite_pickaxe":1,"minecraft:sandstone_slab":102,"minecraft:white_stained_glass":1624,"minecraft:oak_fence_gate":2056,"minecraft:birch_trapdoor":22,"minecraft:note_block":7,"minecraft:oak_planks":5664,"minecraft:hopper":509,"minecraft:comparator":24,"minecraft:chest":669,"minecraft:rail":128,"minecraft:birch_button":125,"minecraft:ender_eye":4,"minecraft:dropper":20,"minecraft:crafting_table":11,"minecraft:hopper_minecart":5,"minecraft:birch_planks":13090,"minecraft:iron_chestplate":1,"minecraft:paper":204,"minecraft:birch_fence":3,"minecraft:stick":11760,"minecraft:iron_ingot":2941,"minecraft:redstone_torch":231,"minecraft:shears":2,"minecraft:sandstone_stairs":4,"minecraft:redstone":144,"minecraft:netherite_sword":1,"minecraft:furnace":153,"minecraft:piston":78,"minecraft:raw_copper_block":46,"minecraft:oak_trapdoor":84,"minecraft:flint_and_steel":1,"minecraft:scaffolding":30,"minecraft:netherite_leggings":1,"minecraft:cobblestone_wall":12,"minecraft:netherite_scrap":35,"minecraft:birch_sign":75,"minecraft:minecart":6,"minecraft:observer":94,"minecraft:sugar":9,"minecraft:red_dye":1,"minecraft:crimson_planks":1992,"minecraft:diamond_sword":1,"minecraft:powered_rail":24,"minecraft:bucket":10,"minecraft:bread":279,"minecraft:air":0,"minecraft:oak_boat":1,"minecraft:white_dye":204,"minecraft:anvil":1,"minecraft:torch":412,"minecraft:firework_rocket":684},"minecraft:killed_by":{"minecraft:piglin_brute":2,"minecraft:stray":1},"minecraft:used":{"minecraft:heavy_core":1,"minecraft:dispenser":18,"minecraft:elytra":1,"minecraft:chest":190,"minecraft:stone":111,"minecraft:white_shulker_box":2,"minecraft:warped_sign":2,"minecraft:soul_sand":6,"minecraft:azure_bluet":5,"minecraft:weeping_vines":1,"minecraft:packed_ice":1032,"minecraft:lava_bucket":319,"minecraft:netherite_shovel":13297,"minecraft:villager_spawn_egg":37,"minecraft:bow":17,"minecraft:ominous_bottle":2,"minecraft:oak_sapling":1,"minecraft:furnace":135,"minecraft:short_grass":1,"minecraft:mossy_stone_bricks":1,"minecraft:powered_rail":111,"minecraft:composter":4,"minecraft:oak_leaves":4,"minecraft:sand":80,"minecraft:crimson_fence_gate":1722,"minecraft:birch_fence":1,"minecraft:birch_slab":3052,"minecraft:diamond_sword":549,"minecraft:smithing_table":1,"minecraft:white_stained_glass":841,"minecraft:birch_log":8,"minecraft:ice":199,"minecraft:oak_boat":5,"minecraft:oak_trapdoor":81,"minecraft:iron_bars":135,"minecraft:wither_skeleton_spawn_egg":18,"minecraft:trial_key":10,"minecraft:netherrack":308,"minecraft:torch":442,"minecraft:light_gray_shulker_box":36,"minecraft:brewing_stand":1,"minecraft:anvil":2,"minecraft:oak_fence_gate":3350,"minecraft:red_shulker_box":6,"minecraft:iron_block":338,"minecraft:slime_block":160,"minecraft:bamboo":8,"minecraft:iron_trapdoor":6,"minecraft:cobbled_deepslate":22,"minecraft:observer":92,"minecraft:dead_bubble_coral_fan":18,"minecraft:crimson_stem":62,"minecraft:water_bucket":1580,"minecraft:sandstone_stairs":8,"minecraft:birch_planks":825,"minecraft:cauldron":19,"minecraft:cracked_stone_bricks":2,"minecraft:rail":131,"minecraft:comparator":28,"minecraft:tnt":1,"minecraft:crafting_table":31,"minecraft:birch_sign":62,"minecraft:white_bed":409,"minecraft:endermite_spawn_egg":1,"minecraft:oak_log":9,"minecraft:ender_eye":15,"minecraft:diamond_pickaxe":8972,"minecraft:cornflower":10,"minecraft:ominous_trial_key":3,"minecraft:diamond_shovel":166,"minecraft:wind_charge":58,"minecraft:spruce_trapdoor":11,"minecraft:cobblestone":113,"minecraft:cooked_porkchop":50,"minecraft:sandstone_slab":89,"minecraft:iron_shovel":7,"minecraft:shield":74,"minecraft:iron_chestplate":2,"minecraft:nether_bricks":14,"minecraft:carrot":78,"minecraft:axolotl_bucket":2,"minecraft:obsidian":38,"minecraft:glass":2,"minecraft:iron_helmet":1,"minecraft:light_blue_bed":1,"minecraft:crimson_roots":3,"minecraft:hopper_minecart":8,"minecraft:stone_bricks":14,"minecraft:bedrock":3,"minecraft:birch_button":9,"minecraft:birch_trapdoor":22,"minecraft:repeater":78,"minecraft:dropper":18,"minecraft:wither_skeleton_skull":3,"minecraft:birch_leaves":430,"minecraft:oak_planks":8,"minecraft:ender_pearl":10,"minecraft:sandstone":22903,"minecraft:redstone_block":69,"minecraft:diamond_axe":196,"minecraft:sugar_cane":132,"minecraft:crossbow":11,"minecraft:note_block":2,"minecraft:shulker_spawn_egg":1,"minecraft:end_stone":2,"minecraft:shears":361,"minecraft:polished_tuff":1,"minecraft:redstone_torch":6,"minecraft:sticky_piston":94,"minecraft:lever":11,"minecraft:firework_rocket":817,"minecraft:birch_fence_gate":26,"minecraft:mace":5,"minecraft:bread":352,"minecraft:gravel":6,"minecraft:andesite":16,"minecraft:smooth_stone_slab":448,"minecraft:bone_meal":24,"minecraft:purpur_block":4,"minecraft:netherite_sword":1236,"minecraft:rose_bush":1,"minecraft:flint_and_steel":131,"minecraft:redstone":307,"minecraft:ender_chest":7,"minecraft:cooked_chicken":1,"minecraft:dirt":218,"minecraft:white_carpet":235,"minecraft:hopper":519,"minecraft:cobblestone_wall":11,"minecraft:diamond_helmet":2,"minecraft:shulker_box":114,"minecraft:oak_wood":2,"minecraft:granite":1,"minecraft:birch_door":2,"minecraft:iron_boots":1,"minecraft:golden_carrot":13,"minecraft:white_stained_glass_pane":1225,"minecraft:netherite_pickaxe":14682,"minecraft:minecart":3,"minecraft:stone_pressure_plate":40,"minecraft:iron_leggings":1,"minecraft:cooked_mutton":11,"minecraft:birch_boat":5,"minecraft:beacon":3,"minecraft:red_mushroom":6,"minecraft:piston":34,"minecraft:wooden_hoe":79,"minecraft:map":1,"minecraft:netherite_axe":7020,"minecraft:detector_rail":7,"minecraft:bucket":1562,"minecraft:yellow_bed":6,"minecraft:smooth_stone":1},"minecraft:mined":{"minecraft:red_shulker_box":5,"minecraft:white_bed":18,"minecraft:cherry_log":18,"minecraft:obsidian":988,"minecraft:potted_dead_bush":2,"minecraft:granite":613,"minecraft:hopper":4,"minecraft:nether_wart":42,"minecraft:spawner":2,"minecraft:polished_blackstone_bricks":2,"minecraft:weeping_vines_plant":10,"minecraft:fire":32,"minecraft:sticky_piston":12,"minecraft:cobbled_deepslate":1,"minecraft:moss_carpet":6,"minecraft:deepslate_lapis_ore":2,"minecraft:nether_brick_stairs":1,"minecraft:dirt_path":9,"minecraft:oak_stairs":2,"minecraft:white_shulker_box":1,"minecraft:iron_block":174,"minecraft:piston_head":2,"minecraft:sandstone_slab":10,"minecraft:crimson_nylium":25,"minecraft:amethyst_cluster":1,"minecraft:torch":14,"minecraft:white_stained_glass_pane":9,"minecraft:sugar_cane":294,"minecraft:amethyst_block":21,"minecraft:repeater":4,"minecraft:mud":2,"minecraft:lilac":3,"minecraft:waxed_copper_block":1,"minecraft:stone_brick_stairs":8,"minecraft:infested_mossy_stone_bricks":2,"minecraft:oak_fence_gate":4,"minecraft:mangrove_log":3,"minecraft:smooth_basalt":4,"minecraft:red_mushroom_block":196,"minecraft:piston":8,"minecraft:deepslate":198,"minecraft:infested_deepslate":4,"minecraft:crimson_fence_gate":12,"minecraft:shulker_box":111,"minecraft:end_stone":92,"minecraft:waxed_oxidized_chiseled_copper":1,"minecraft:nether_bricks":107,"minecraft:birch_fence_gate":10,"minecraft:crimson_roots":10,"minecraft:redstone_wire":51,"minecraft:moss_block":67,"minecraft:red_mushroom":2,"minecraft:waxed_oxidized_cut_copper":1,"minecraft:waxed_copper_grate":1,"minecraft:andesite":231,"minecraft:vine":5,"minecraft:rail":7,"minecraft:bamboo":9,"minecraft:ender_chest":5,"minecraft:redstone_block":18,"minecraft:glass_pane":1,"minecraft:comparator":1,"minecraft:soul_sand":20,"minecraft:stone_brick_slab":1,"minecraft:observer":3,"minecraft:dandelion":2,"minecraft:cornflower":9,"minecraft:mangrove_wood":2,"minecraft:short_grass":93,"minecraft:emerald_ore":3,"minecraft:copper_ore":100,"minecraft:purpur_pillar":1,"minecraft:tall_grass":10,"minecraft:deepslate_gold_ore":8,"minecraft:diorite":787,"minecraft:black_stained_glass":1,"minecraft:cobblestone_wall":2,"minecraft:spruce_log":7,"minecraft:birch_leaves":509,"minecraft:mangrove_leaves":24,"minecraft:gravel":354,"minecraft:dripstone_block":48,"minecraft:cobweb":24,"minecraft:stone_bricks":96,"minecraft:iron_trapdoor":1,"minecraft:stone_pressure_plate":3,"minecraft:sculk_vein":3,"minecraft:brewing_stand":1,"minecraft:spruce_trapdoor":5,"minecraft:budding_amethyst":1,"minecraft:grass_block":2809,"minecraft:tuff_bricks":9,"minecraft:sandstone_stairs":2,"minecraft:iron_ore":48,"minecraft:polished_tuff":4,"minecraft:azure_bluet":15,"minecraft:pointed_dripstone":1,"minecraft:iron_bars":23,"minecraft:birch_wall_sign":3,"minecraft:end_stone_bricks":1,"minecraft:deepslate_redstone_ore":111,"minecraft:blackstone":1,"minecraft:medium_amethyst_bud":1,"minecraft:calcite":3,"minecraft:beacon":2,"minecraft:chest":10,"minecraft:mushroom_stem":22,"minecraft:nether_quartz_ore":124,"minecraft:cobblestone":17,"minecraft:slime_block":8,"minecraft:oak_planks":18,"minecraft:wall_torch":10,"minecraft:pink_petals":2,"minecraft:powered_rail":29,"minecraft:nether_wart_block":9,"minecraft:birch_log":3795,"minecraft:blue_ice":1,"minecraft:birch_trapdoor":3,"minecraft:tnt":2,"minecraft:purpur_block":7,"minecraft:oak_log":1523,"minecraft:waxed_oxidized_copper":3,"minecraft:sand":4566,"minecraft:dirt":5621,"minecraft:infested_cracked_stone_bricks":2,"minecraft:dispenser":24,"minecraft:ancient_debris":2,"minecraft:netherrack":2830,"minecraft:oak_leaves":153,"minecraft:nether_gold_ore":21,"minecraft:tuff":10,"minecraft:crying_obsidian":1,"minecraft:deepslate_diamond_ore":40,"minecraft:mangrove_roots":3,"minecraft:lever":2,"minecraft:decorated_pot":85,"minecraft:heavy_core":1,"minecraft:weeping_vines":2,"minecraft:white_stained_glass":11,"minecraft:brown_mushroom_block":7,"minecraft:birch_slab":123,"minecraft:sandstone":2102,"minecraft:crimson_stem":570,"minecraft:hay_block":11,"minecraft:light_gray_shulker_box":30,"minecraft:detector_rail":2,"minecraft:gold_block":22,"minecraft:nether_brick_fence":6,"minecraft:bookshelf":394,"minecraft:deepslate_iron_ore":13,"minecraft:packed_ice":1198,"minecraft:stone":12808,"minecraft:infested_stone_bricks":8,"minecraft:crafting_table":23,"minecraft:rose_bush":4,"minecraft:birch_planks":90,"minecraft:redstone_torch":1,"minecraft:ice":287,"minecraft:yellow_bed":6,"minecraft:muddy_mangrove_roots":1,"minecraft:coal_ore":157,"minecraft:cherry_leaves":9,"minecraft:flower_pot":2,"minecraft:cracked_stone_bricks":63,"minecraft:mossy_stone_bricks":72,"minecraft:birch_fence":1},"minecraft:killed":{"minecraft:cave_spider":21,"minecraft:shulker":19,"minecraft:skeleton":38,"minecraft:pillager":5,"minecraft:zombie":72,"minecraft:breeze":18,"minecraft:enderman":1523,"minecraft:zombified_piglin":1,"minecraft:spider":80,"minecraft:wither":1,"minecraft:silverfish":14,"minecraft:piglin_brute":5,"minecraft:piglin":28,"minecraft:zombie_villager":2,"minecraft:creeper":26,"minecraft:sheep":6,"minecraft:stray":44,"minecraft:blaze":11,"minecraft:bogged":19,"minecraft:slime":143,"minecraft:drowned":6,"minecraft:hoglin":13,"minecraft:wither_skeleton":32,"minecraft:player":1,"minecraft:villager":36},"minecraft:picked_up":{"minecraft:birch_door":1,"minecraft:iron_chestplate":3,"minecraft:flower_pot":2,"minecraft:diamond_sword":1,"minecraft:lead":13,"minecraft:enchanted_book":52,"minecraft:birch_button":8,"minecraft:brewing_stand":1,"minecraft:golden_sword":1,"minecraft:amethyst_block":21,"minecraft:string":171,"minecraft:diamond_leggings":2,"minecraft:gold_nugget":253,"minecraft:cobbled_deepslate":334,"minecraft:trial_key":10,"minecraft:netherite_upgrade_smithing_template":2,"minecraft:hopper_minecart":10,"minecraft:enchanted_golden_apple":1,"minecraft:mangrove_log":3,"minecraft:golden_axe":1,"minecraft:cherry_log":18,"minecraft:waxed_copper_grate":1,"minecraft:stone_sword":1,"minecraft:honey_bottle":6,"minecraft:iron_block":238,"minecraft:bookshelf":94,"minecraft:blaze_rod":19,"minecraft:iron_bars":23,"minecraft:snowball":10,"minecraft:birch_log":4800,"minecraft:birch_slab":182,"minecraft:water_bucket":6,"minecraft:flint":29,"minecraft:dark_oak_sign":1,"minecraft:diamond_helmet":4,"minecraft:glowstone_dust":1,"minecraft:moss_block":64,"minecraft:dropper":4,"minecraft:birch_fence_gate":10,"minecraft:dispenser":29,"minecraft:deepslate":1,"minecraft:lever":4,"minecraft:granite":583,"minecraft:bread":109,"minecraft:music_disc_precipice":1,"minecraft:ominous_trial_key":3,"minecraft:crimson_roots":8,"minecraft:diamond_pickaxe":3,"minecraft:crafting_table":24,"minecraft:sandstone_slab":10,"minecraft:ominous_bottle":5,"minecraft:nether_wart":64,"minecraft:purpur_block":4,"minecraft:wind_charge":39,"minecraft:cornflower":58,"minecraft:elytra":1,"minecraft:flow_banner_pattern":1,"minecraft:white_carpet":367,"minecraft:white_stained_glass":960,"minecraft:iron_shovel":1,"minecraft:cracked_stone_bricks":63,"minecraft:iron_nugget":1,"minecraft:poppy":418,"minecraft:minecart":1,"minecraft:chest":10,"minecraft:birch_sapling":81,"minecraft:piston":55,"minecraft:waxed_oxidized_copper":2,"minecraft:copper_ore":5,"minecraft:sandstone":14692,"minecraft:stone":2594,"minecraft:fire_charge":34,"minecraft:flow_pottery_sherd":1,"minecraft:mace":1,"minecraft:redstone":813,"minecraft:netherite_pickaxe":1,"minecraft:music_disc_creator_music_box":2,"minecraft:tnt":8,"minecraft:diamond_chestplate":2,"minecraft:decorated_pot":48,"minecraft:diamond_boots":3,"minecraft:hay_block":11,"minecraft:sandstone_stairs":2,"minecraft:gold_ingot":1,"minecraft:white_shulker_box":2,"minecraft:tuff_bricks":6,"minecraft:mutton":10,"minecraft:rail":3,"minecraft:white_wool":6,"minecraft:emerald_ore":2,"minecraft:oxeye_daisy":2,"minecraft:birch_leaves":475,"minecraft:red_mushroom":68,"minecraft:oak_log":1499,"minecraft:ancient_debris":4,"minecraft:paper":16,"minecraft:stone_bricks":102,"minecraft:oak_fence_gate":4,"minecraft:iron_ore":8,"minecraft:glass_bottle":2,"minecraft:flowering_azalea":4,"minecraft:white_stained_glass_pane":220,"minecraft:smooth_basalt":3,"minecraft:gravel":376,"minecraft:spruce_log":5,"minecraft:crying_obsidian":5,"minecraft:dragon_egg":2,"minecraft:polished_tuff":5,"minecraft:firework_rocket":65,"minecraft:diamond_shovel":1,"minecraft:coal_ore":9,"minecraft:slime_ball":282,"minecraft:short_grass":1,"minecraft:diamond_axe":3,"minecraft:birch_sign":3,"minecraft:oak_button":21,"minecraft:baked_potato":6,"minecraft:hopper":3,"minecraft:ender_pearl":826,"minecraft:shulker_shell":13,"minecraft:iron_trapdoor":1,"minecraft:redstone_block":21,"minecraft:ender_chest":6,"minecraft:nether_brick_fence":4,"minecraft:light_gray_shulker_box":36,"minecraft:potion":3,"minecraft:gilded_blackstone":1,"minecraft:stone_brick_stairs":8,"minecraft:raw_copper":749,"minecraft:iron_leggings":1,"minecraft:sticky_piston":52,"minecraft:comparator":11,"minecraft:rose_bush":8,"minecraft:redstone_torch":1,"minecraft:ender_eye":4,"minecraft:calcite":3,"minecraft:azalea":1,"minecraft:iron_boots":2,"minecraft:furnace":52,"minecraft:tipped_arrow":82,"minecraft:stick":194,"minecraft:birch_trapdoor":2,"minecraft:torch":182,"minecraft:pointed_dripstone":12,"minecraft:diorite":1306,"minecraft:rotten_flesh":124,"minecraft:obsidian":991,"minecraft:cobblestone":11464,"minecraft:pink_petals":4,"minecraft:lilac":5,"minecraft:repeater":12,"minecraft:andesite":229,"minecraft:beacon":2,"minecraft:potato":1,"minecraft:tuff":10,"minecraft:wither_skeleton_skull":4,"minecraft:lapis_lazuli":12,"minecraft:dirt":6476,"minecraft:name_tag":1,"minecraft:glass":1864,"minecraft:bone":185,"minecraft:bow":7,"minecraft:wheat_seeds":52,"minecraft:crimson_fence_gate":8,"minecraft:raw_gold":8,"minecraft:mossy_stone_bricks":71,"minecraft:bamboo":72,"minecraft:powered_rail":46,"minecraft:oak_planks":48,"minecraft:scrape_pottery_sherd":3,"minecraft:cooked_porkchop":85,"minecraft:sand":98644,"minecraft:grass_block":1,"minecraft:shulker_box":114,"minecraft:diamond":130,"minecraft:slime_block":88,"minecraft:crossbow":7,"minecraft:breeze_rod":75,"minecraft:golden_apple":1,"minecraft:emerald":78,"minecraft:piglin_banner_pattern":4,"minecraft:oak_sapling":37,"minecraft:netherrack":1295,"minecraft:oak_leaves":9,"minecraft:nether_star":1,"minecraft:end_stone_bricks":1,"minecraft:lingering_potion":5,"minecraft:azure_bluet":18,"minecraft:splash_potion":6,"minecraft:packed_ice":1883,"minecraft:brown_mushroom":3,"minecraft:gold_block":80,"minecraft:chain":6,"minecraft:brick":63,"minecraft:shield":5,"minecraft:moss_carpet":21,"minecraft:iron_axe":1,"minecraft:blackstone":10,"minecraft:detector_rail":8,"minecraft:oak_boat":3,"minecraft:observer":22,"minecraft:sugar_cane":417,"minecraft:spruce_trapdoor":5,"minecraft:raw_iron":48,"minecraft:end_stone":92,"minecraft:polished_blackstone_bricks":3,"minecraft:stone_button":2,"minecraft:stone_pressure_plate":1,"minecraft:weeping_vines":8,"minecraft:arrow":259,"minecraft:red_shulker_box":5,"minecraft:nether_bricks":103,"minecraft:golden_carrot":3,"minecraft:crimson_stem":560,"minecraft:leather":30,"minecraft:birch_planks":289,"minecraft:ice":153,"minecraft:waxed_copper_block":1,"minecraft:gunpowder":50,"minecraft:yellow_bed":6,"minecraft:nether_wart_block":8,"minecraft:cobblestone_wall":2,"minecraft:cooked_mutton":11,"minecraft:iron_ingot":11661,"minecraft:cooked_chicken":1,"minecraft:soul_sand":20,"minecraft:book":2073,"minecraft:emerald_block":2,"minecraft:birch_boat":3,"minecraft:heavy_core":2,"minecraft:stone_brick_slab":1,"minecraft:quartz":285,"minecraft:dandelion":1,"minecraft:dripstone_block":52,"minecraft:amethyst_shard":4,"minecraft:white_bed":27,"minecraft:spider_eye":89,"minecraft:iron_helmet":2,"minecraft:cherry_sapling":4,"minecraft:coal":353},"minecraft:broken":{"minecraft:shears":1,"minecraft:iron_chestplate":1,"minecraft:wooden_hoe":1,"minecraft:flint_and_steel":2}},"DataVersion":3953}