{"stats":{"minecraft:custom":{"minecraft:interact_with_furnace":7,"minecraft:mob_kills":9,"minecraft:inspect_hopper":3,"minecraft:interact_with_crafting_table":1,"minecraft:open_shulker_box":43,"minecraft:leave_game":2,"minecraft:time_since_death":34509,"minecraft:sleep_in_bed":1,"minecraft:time_since_rest":8468,"minecraft:sprint_one_cm":55782,"minecraft:open_enderchest":3,"minecraft:damage_taken":218,"minecraft:walk_one_cm":45310,"minecraft:drop":53,"minecraft:damage_dealt":1791,"minecraft:interact_with_beacon":1,"minecraft:swim_one_cm":1793,"minecraft:fly_one_cm":36777,"minecraft:open_chest":107,"minecraft:crouch_one_cm":19220,"minecraft:play_time":34509,"minecraft:sneak_time":3335,"minecraft:walk_under_water_one_cm":6193,"minecraft:aviate_one_cm":1022679,"minecraft:jump":217,"minecraft:walk_on_water_one_cm":2222,"minecraft:total_world_time":34509,"minecraft:fall_one_cm":7360},"minecraft:mined":{"minecraft:shulker_box":11,"minecraft:granite":2,"minecraft:grass_block":1,"minecraft:fire":3,"minecraft:coal_ore":2,"minecraft:dirt_path":3,"minecraft:gravel":9,"minecraft:dripstone_block":3,"minecraft:dirt":3,"minecraft:bamboo":1,"minecraft:stone":177,"minecraft:oak_leaves":2},"minecraft:killed":{"minecraft:creeper":1,"minecraft:skeleton":3,"minecraft:pillager":2,"minecraft:zombie":1,"minecraft:drowned":1,"minecraft:enderman":1},"minecraft:picked_up":{"minecraft:birch_log":3,"minecraft:ominous_bottle":1,"minecraft:birch_planks":3,"minecraft:flint":1,"minecraft:gunpowder":2,"minecraft:dirt":70,"minecraft:white_banner":1,"minecraft:bone":3,"minecraft:stone_bricks":1,"minecraft:netherite_axe":1,"minecraft:poppy":1,"minecraft:bamboo":15,"minecraft:stone":2,"minecraft:sandstone":1,"minecraft:dripstone_block":2,"minecraft:gravel":9,"minecraft:sand":1,"minecraft:grass_block":1,"minecraft:shulker_box":11,"minecraft:arrow":7,"minecraft:rotten_flesh":4,"minecraft:diamond":59,"minecraft:lever":1,"minecraft:granite":2,"minecraft:oak_sapling":1,"minecraft:cobblestone":117,"minecraft:ender_pearl":366},"minecraft:used":{"minecraft:netherite_sword":23,"minecraft:flint_and_steel":3,"minecraft:sand":1,"minecraft:shulker_box":10,"minecraft:netherite_shovel":6,"minecraft:firework_rocket":34,"minecraft:wind_charge":4,"minecraft:bread":6,"minecraft:gravel":10,"minecraft:bamboo":15,"minecraft:bow":1,"minecraft:ominous_bottle":1,"minecraft:white_banner":1,"minecraft:netherite_pickaxe":195},"minecraft:crafted":{"minecraft:pink_shulker_box":1,"minecraft:pink_dye":1,"minecraft:flint_and_steel":1,"minecraft:bow":1},"minecraft:dropped":{"minecraft:birch_planks":3,"minecraft:lever":1,"minecraft:ender_pearl":350,"minecraft:dripstone_block":2,"minecraft:netherite_axe":1,"minecraft:cobblestone":117,"minecraft:rotten_flesh":4,"minecraft:granite":2,"minecraft:grass_block":1,"minecraft:poppy":1,"minecraft:dirt":70,"minecraft:stone":2,"minecraft:gunpowder":2,"minecraft:oak_sapling":1,"minecraft:stone_bricks":1,"minecraft:sandstone":1,"minecraft:arrow":6,"minecraft:birch_log":3,"minecraft:bone":3}},"DataVersion":3953}