{"stats":{"minecraft:mined":{"minecraft:fire":3,"minecraft:shulker_box":11,"minecraft:dirt_path":3,"minecraft:gravel":9,"minecraft:bamboo":1,"minecraft:oak_leaves":2},"minecraft:killed":{"minecraft:skeleton":3,"minecraft:zombie":1,"minecraft:drowned":1,"minecraft:creeper":1,"minecraft:enderman":1},"minecraft:crafted":{"minecraft:bow":1,"minecraft:flint_and_steel":1},"minecraft:dropped":{"minecraft:poppy":1,"minecraft:dirt":64,"minecraft:stone":2,"minecraft:birch_planks":3,"minecraft:gunpowder":2,"minecraft:ender_pearl":350,"minecraft:netherite_axe":1,"minecraft:oak_sapling":1,"minecraft:rotten_flesh":4,"minecraft:arrow":6,"minecraft:birch_log":3,"minecraft:grass_block":1,"minecraft:bone":3},"minecraft:picked_up":{"minecraft:birch_log":3,"minecraft:stone":2,"minecraft:birch_planks":3,"minecraft:gravel":9,"minecraft:sand":1,"minecraft:flint":1,"minecraft:grass_block":1,"minecraft:gunpowder":2,"minecraft:dirt":64,"minecraft:shulker_box":11,"minecraft:rotten_flesh":4,"minecraft:bone":3,"minecraft:arrow":7,"minecraft:diamond":59,"minecraft:netherite_axe":1,"minecraft:poppy":1,"minecraft:bamboo":15,"minecraft:oak_sapling":1,"minecraft:ender_pearl":366},"minecraft:custom":{"minecraft:time_since_rest":22539,"minecraft:open_enderchest":2,"minecraft:sprint_one_cm":30503,"minecraft:interact_with_furnace":4,"minecraft:damage_taken":87,"minecraft:walk_one_cm":28750,"minecraft:mob_kills":7,"minecraft:drop":39,"minecraft:damage_dealt":1260,"minecraft:inspect_hopper":3,"minecraft:swim_one_cm":1793,"minecraft:interact_with_crafting_table":1,"minecraft:fly_one_cm":26211,"minecraft:open_chest":84,"minecraft:crouch_one_cm":7823,"minecraft:open_shulker_box":28,"minecraft:play_time":22539,"minecraft:sneak_time":864,"minecraft:walk_under_water_one_cm":2890,"minecraft:aviate_one_cm":680166,"minecraft:jump":152,"minecraft:leave_game":1,"minecraft:time_since_death":22539,"minecraft:walk_on_water_one_cm":833,"minecraft:total_world_time":22539,"minecraft:fall_one_cm":1519},"minecraft:used":{"minecraft:netherite_sword":18,"minecraft:firework_rocket":20,"minecraft:netherite_shovel":2,"minecraft:flint_and_steel":3,"minecraft:wind_charge":4,"minecraft:bread":3,"minecraft:gravel":10,"minecraft:bamboo":15,"minecraft:sand":1,"minecraft:bow":1,"minecraft:netherite_pickaxe":11,"minecraft:shulker_box":10}},"DataVersion":3953}