{"stats":{"minecraft:mined":{"minecraft:nether_gold_ore":4,"minecraft:observer":3,"minecraft:shulker_box":3,"minecraft:end_stone":27,"minecraft:obsidian":44,"minecraft:short_grass":3,"minecraft:emerald_ore":1,"minecraft:grass_block":96,"minecraft:sugar_cane":117,"minecraft:hopper":1,"minecraft:oak_trapdoor":1,"minecraft:nether_wart_block":1,"minecraft:birch_log":5,"minecraft:fire":1,"minecraft:tnt":1,"minecraft:polished_deepslate":12,"minecraft:gravel":1,"minecraft:sand":73,"minecraft:dirt":27,"minecraft:stone":1,"minecraft:netherrack":461,"minecraft:piston":1},"minecraft:killed":{"minecraft:skeleton":1,"minecraft:enderman":23},"minecraft:crafted":{"minecraft:redstone":171,"minecraft:crafting_table":1,"minecraft:birch_boat":1,"minecraft:piston":32,"minecraft:bucket":1,"minecraft:birch_planks":104,"minecraft:flint_and_steel":1,"minecraft:tnt":2,"minecraft:paper":6,"minecraft:polished_deepslate":128,"minecraft:sandstone":6,"minecraft:observer":10,"minecraft:firework_rocket":12},"minecraft:dropped":{"minecraft:birch_planks":3,"minecraft:oak_trapdoor":1,"minecraft:ender_pearl":316,"minecraft:oak_planks":2,"minecraft:dirt":71,"minecraft:stone":1,"minecraft:torch":1,"minecraft:nether_wart_block":1,"minecraft:gold_nugget":51,"minecraft:birch_log":3,"minecraft:netherrack":317,"minecraft:bone":3},"minecraft:picked_up":{"minecraft:birch_log":5,"minecraft:flint":1,"minecraft:nether_wart_block":1,"minecraft:polished_deepslate":12,"minecraft:dirt":114,"minecraft:oak_trapdoor":1,"minecraft:bone":3,"minecraft:wheat_seeds":1,"minecraft:gold_nugget":51,"minecraft:observer":3,"minecraft:sugar_cane":127,"minecraft:piston":2,"minecraft:end_stone":27,"minecraft:stone":1,"minecraft:birch_boat":1,"minecraft:torch":2,"minecraft:sand":71,"minecraft:shulker_box":3,"minecraft:tnt":1,"minecraft:firework_rocket":80,"minecraft:arrow":6,"minecraft:netherrack":409,"minecraft:hopper":1,"minecraft:obsidian":44,"minecraft:emerald_ore":1,"minecraft:ender_pearl":318},"minecraft:custom":{"minecraft:interact_with_smithing_table":1,"minecraft:mob_kills":24,"minecraft:inspect_hopper":11,"minecraft:interact_with_crafting_table":11,"minecraft:open_shulker_box":43,"minecraft:leave_game":1,"minecraft:time_since_death":85844,"minecraft:sleep_in_bed":1,"minecraft:time_since_rest":37439,"minecraft:sprint_one_cm":88515,"minecraft:open_enderchest":5,"minecraft:damage_taken":406,"minecraft:walk_one_cm":170155,"minecraft:drop":36,"minecraft:damage_dealt":250,"minecraft:fly_one_cm":62505,"minecraft:open_chest":133,"minecraft:crouch_one_cm":28458,"minecraft:play_time":85927,"minecraft:sneak_time":4452,"minecraft:walk_under_water_one_cm":2257,"minecraft:boat_one_cm":142,"minecraft:aviate_one_cm":3472596,"minecraft:jump":541,"minecraft:walk_on_water_one_cm":3068,"minecraft:total_world_time":85927,"minecraft:fall_one_cm":17869},"minecraft:used":{"minecraft:oak_trapdoor":1,"minecraft:water_bucket":3,"minecraft:netherite_sword":6,"minecraft:polished_deepslate":140,"minecraft:flint_and_steel":4,"minecraft:redstone":14,"minecraft:ender_pearl":4,"minecraft:birch_boat":1,"minecraft:sandstone":6,"minecraft:sugar_cane":16,"minecraft:netherrack":28,"minecraft:torch":1,"minecraft:dirt":29,"minecraft:crafting_table":1,"minecraft:hopper":2,"minecraft:tnt":3,"minecraft:end_stone":27,"minecraft:obsidian":52,"minecraft:firework_rocket":158,"minecraft:piston":23,"minecraft:lever":1,"minecraft:diamond_pickaxe":4,"minecraft:netherite_shovel":181,"minecraft:wind_charge":1,"minecraft:bread":12,"minecraft:netherite_axe":6,"minecraft:gravel":1,"minecraft:cobblestone":66,"minecraft:bucket":3,"minecraft:netherite_pickaxe":555,"minecraft:observer":12}},"DataVersion":3953}