{"stats":{"minecraft:custom":{"minecraft:time_since_rest":62458,"minecraft:interact_with_smithing_table":11,"minecraft:damage_absorbed":81,"minecraft:interact_with_furnace":7,"minecraft:sprint_one_cm":162618,"minecraft:open_enderchest":9,"minecraft:damage_taken":721,"minecraft:walk_one_cm":156072,"minecraft:mob_kills":435,"minecraft:interact_with_anvil":16,"minecraft:drop":3,"minecraft:damage_dealt":2511,"minecraft:talked_to_villager":8,"minecraft:interact_with_crafting_table":12,"minecraft:fly_one_cm":198060,"minecraft:bell_ring":1,"minecraft:open_chest":146,"minecraft:open_shulker_box":40,"minecraft:play_time":74772,"minecraft:crouch_one_cm":18395,"minecraft:sneak_time":4093,"minecraft:walk_under_water_one_cm":3012,"minecraft:jump":941,"minecraft:interact_with_brewingstand":1,"minecraft:leave_game":1,"minecraft:time_since_death":72727,"minecraft:walk_on_water_one_cm":1230,"minecraft:sleep_in_bed":1,"minecraft:total_world_time":74772,"minecraft:fall_one_cm":40690},"minecraft:mined":{"minecraft:smooth_stone":1,"minecraft:birch_leaves":5,"minecraft:end_stone":89,"minecraft:grass_block":24,"minecraft:oak_log":8,"minecraft:dirt":5,"minecraft:cobblestone":2},"minecraft:killed":{"minecraft:skeleton":1,"minecraft:zombie":1,"minecraft:iron_golem":2,"minecraft:spider":1,"minecraft:bat":2,"minecraft:enderman":427},"minecraft:picked_up":{"minecraft:end_stone":87,"minecraft:sand":144,"minecraft:oak_log":8,"minecraft:wind_charge":18,"minecraft:dirt":29,"minecraft:string":2,"minecraft:rotten_flesh":2,"minecraft:arrow":2,"minecraft:bone":1,"minecraft:diamond":14,"minecraft:smooth_stone":1,"minecraft:iron_ingot":9,"minecraft:crossbow":1,"minecraft:bread":20,"minecraft:cobblestone":2,"minecraft:diamond_pickaxe":1,"minecraft:ender_pearl":129},"minecraft:used":{"minecraft:diamond_pickaxe":93,"minecraft:enchanting_table":1,"minecraft:wind_charge":38,"minecraft:bread":14,"minecraft:oak_planks":24,"minecraft:ender_pearl":11,"minecraft:diamond_sword":95,"minecraft:golden_apple":2,"minecraft:golden_carrot":1,"minecraft:dirt":28,"minecraft:cobblestone":66,"minecraft:crossbow":10,"minecraft:potato":1,"minecraft:end_stone":87,"minecraft:smooth_stone":1},"minecraft:dropped":{"minecraft:diamond_pickaxe":1,"minecraft:ender_pearl":16,"minecraft:crossbow":1},"minecraft:crafted":{"minecraft:oak_planks":32,"minecraft:diamond_sword":1,"minecraft:bow":1,"minecraft:emerald":9,"minecraft:diamond_leggings":1,"minecraft:golden_apple":8,"minecraft:diamond_pickaxe":2,"minecraft:diamond_axe":1,"minecraft:enchanting_table":1,"minecraft:stick":16,"minecraft:diamond_boots":1,"minecraft:gold_ingot":342,"minecraft:gold_block":30,"minecraft:air":0,"minecraft:diamond_chestplate":1}},"DataVersion":3953}