{"stats":{"minecraft:mined":{"minecraft:birch_leaves":5,"minecraft:grass_block":8,"minecraft:oak_log":8,"minecraft:dirt":1},"minecraft:killed":{"minecraft:skeleton":1,"minecraft:spider":1,"minecraft:bat":2,"minecraft:enderman":427},"minecraft:crafted":{"minecraft:oak_planks":32,"minecraft:emerald":9,"minecraft:diamond_sword":1,"minecraft:diamond_leggings":1,"minecraft:bow":1,"minecraft:diamond_pickaxe":2,"minecraft:golden_apple":5,"minecraft:diamond_axe":1,"minecraft:enchanting_table":1,"minecraft:stick":16,"minecraft:diamond_boots":1,"minecraft:gold_ingot":306,"minecraft:gold_block":29,"minecraft:air":0,"minecraft:diamond_chestplate":1},"minecraft:dropped":{"minecraft:ender_pearl":16},"minecraft:picked_up":{"minecraft:sand":144,"minecraft:oak_log":8,"minecraft:wind_charge":18,"minecraft:string":2,"minecraft:dirt":9,"minecraft:bone":1,"minecraft:arrow":2,"minecraft:diamond":14,"minecraft:bread":11,"minecraft:ender_pearl":129},"minecraft:custom":{"minecraft:time_since_rest":36091,"minecraft:interact_with_smithing_table":11,"minecraft:damage_absorbed":81,"minecraft:interact_with_furnace":3,"minecraft:sprint_one_cm":122698,"minecraft:open_enderchest":8,"minecraft:damage_taken":359,"minecraft:walk_one_cm":120917,"minecraft:mob_kills":431,"minecraft:interact_with_anvil":16,"minecraft:drop":1,"minecraft:damage_dealt":1935,"minecraft:interact_with_crafting_table":11,"minecraft:fly_one_cm":125599,"minecraft:open_chest":121,"minecraft:crouch_one_cm":1280,"minecraft:play_time":48405,"minecraft:open_shulker_box":33,"minecraft:sneak_time":329,"minecraft:walk_under_water_one_cm":3012,"minecraft:jump":591,"minecraft:interact_with_brewingstand":1,"minecraft:walk_on_water_one_cm":998,"minecraft:time_since_death":46360,"minecraft:sleep_in_bed":1,"minecraft:total_world_time":48405,"minecraft:fall_one_cm":27191},"minecraft:used":{"minecraft:diamond_pickaxe":1,"minecraft:enchanting_table":1,"minecraft:wind_charge":24,"minecraft:bread":6,"minecraft:ender_pearl":5,"minecraft:golden_apple":2,"minecraft:diamond_sword":87,"minecraft:cobblestone":8,"minecraft:dirt":9,"minecraft:golden_carrot":1}},"DataVersion":3953}