{
  "minecraft:recipes/decorations/crafting_table": {
    "criteria": {
      "unlock_right_away": "2024-07-07 14:59:14 +0200"
    },
    "done": true
  },
  "minecraft:story/follow_ender_eye": {
    "criteria": {
      "in_stronghold": "2024-07-07 14:59:15 +0200"
    },
    "done": true
  },
  "minecraft:adventure/adventuring_time": {
    "criteria": {
      "minecraft:beach": "2024-07-08 11:52:13 +0200",
      "minecraft:meadow": "2024-07-25 15:11:53 +0200",
      "minecraft:plains": "2024-07-07 14:59:15 +0200"
    },
    "done": false
  },
  "minecraft:adventure/root": {
    "criteria": {
      "killed_by_something": "2024-07-07 23:58:36 +0200"
    },
    "done": true
  },
  "DataVersion": 3953
}